company_name,website,technology,country,founded,description,source_repo,source_file,source_downloaded_at
Abacus Semiconductor,Abacus-semi.com,HPC,US,2020,HPC silicon systems,https://github.com/aolofsson/awesome-semiconductor-startups,startups.csv,2026-07-04T03:32:16+00:00
Agentrys,agentrys.ai,EDA,US,2025,Self-Improving Agentic Design Automation Toward Autonomous Design,https://github.com/aolofsson/awesome-semiconductor-startups,startups.csv,2026-07-04T03:32:16+00:00
Ahead Computing,aheadcomputing.com,RISC-V,US,2024,High performance RISC-V core IP,https://github.com/aolofsson/awesome-semiconductor-startups,startups.csv,2026-07-04T03:32:16+00:00
Aistorm,aistorm.ai,AI,US,2011,Charge domain based AI processing,https://github.com/aolofsson/awesome-semiconductor-startups,startups.csv,2026-07-04T03:32:16+00:00
Akeana,akeana.com,RISC-V,US,2021,RISC-V CPU and System IP,https://github.com/aolofsson/awesome-semiconductor-startups,startups.csv,2026-07-04T03:32:16+00:00
Alif Semiconductor,alifsemi.com,AI,US,2019,Integrated SoC for AI at the edge,https://github.com/aolofsson/awesome-semiconductor-startups,startups.csv,2026-07-04T03:32:16+00:00
Allspice.io,allspice.io,EDA,US,2018,PCB Design platform,https://github.com/aolofsson/awesome-semiconductor-startups,startups.csv,2026-07-04T03:32:16+00:00
Alpha Design AI,alphadesign.ai,EDA,US,2024,AI agent based chip design platform,https://github.com/aolofsson/awesome-semiconductor-startups,startups.csv,2026-07-04T03:32:16+00:00
Applied Brain Research,appliedbrainresearch.com,AI,CA,2013,AI solutions for edge devices,https://github.com/aolofsson/awesome-semiconductor-startups,startups.csv,2026-07-04T03:32:16+00:00
Aspinity,aspinity.com,AI,US,2015,Analog in-memory AI inference accelerators,https://github.com/aolofsson/awesome-semiconductor-startups,startups.csv,2026-07-04T03:32:16+00:00
Astrus,astrus.ai,EDA,CA,2022,AI platform designed to automate microchip design,https://github.com/aolofsson/awesome-semiconductor-startups,startups.csv,2026-07-04T03:32:16+00:00
Athos Silicon,athossilicon.com,CHIPLETS,US,2025,Chiplet platform for automotive/safety critical applications,https://github.com/aolofsson/awesome-semiconductor-startups,startups.csv,2026-07-04T03:32:16+00:00
Atoms AI,atomsai.net,EDA,US,2024,AI driven verification,https://github.com/aolofsson/awesome-semiconductor-startups,startups.csv,2026-07-04T03:32:16+00:00
Aule Technologies,auletechnologies.com,EDA,US,2022,AI/physics based design platform,https://github.com/aolofsson/awesome-semiconductor-startups,startups.csv,2026-07-04T03:32:16+00:00
Azimuth AI,Azimuth-ai.com,ASIC,US,2023,Edge AI ASICs,https://github.com/aolofsson/awesome-semiconductor-startups,startups.csv,2026-07-04T03:32:16+00:00
Baya Systems,bayasystems.com,CHIPLETS,US,2023,Chiplet Based Semiconductor Design,https://github.com/aolofsson/awesome-semiconductor-startups,startups.csv,2026-07-04T03:32:16+00:00
Bluespec,bluespec.com,RISC-V,US,2003,RISC-V IP and System Development Tools,https://github.com/aolofsson/awesome-semiconductor-startups,startups.csv,2026-07-04T03:32:16+00:00
Blumind,blumind.ai,AI,CA,2020,Analog AI computing,https://github.com/aolofsson/awesome-semiconductor-startups,startups.csv,2026-07-04T03:32:16+00:00
BoolSi,boolsi.com,EDA,US,2023,"Generate RTL from any code base, in any language",https://github.com/aolofsson/awesome-semiconductor-startups,startups.csv,2026-07-04T03:32:16+00:00
Bronco AI,bronco.ai,EDA,US,2022,AI tools for chip development,https://github.com/aolofsson/awesome-semiconductor-startups,startups.csv,2026-07-04T03:32:16+00:00
cadlab.io,cadlab.io,EDA,US,2015,Collaboration tools for PCB design,https://github.com/aolofsson/awesome-semiconductor-startups,startups.csv,2026-07-04T03:32:16+00:00
Cadstrom,cadstrom.io,EDA,CA,2023,AI based PCB design,https://github.com/aolofsson/awesome-semiconductor-startups,startups.csv,2026-07-04T03:32:16+00:00
cassia.ai,cassia.ai,AI,US,2021,AI Hardware IP,https://github.com/aolofsson/awesome-semiconductor-startups,startups.csv,2026-07-04T03:32:16+00:00
Celera,celeratechnologies.com,EDA,US,2018,Automated analog/mixed-signal IC development tool,https://github.com/aolofsson/awesome-semiconductor-startups,startups.csv,2026-07-04T03:32:16+00:00
Ceremorphic,ceremorphic.com,HPC,US,2020,Analog computing architecture,https://github.com/aolofsson/awesome-semiconductor-startups,startups.csv,2026-07-04T03:32:16+00:00
Chipletz,chipletz.com,CHIPLETS,US,2021,Smart substrate for chiplet integration,https://github.com/aolofsson/awesome-semiconductor-startups,startups.csv,2026-07-04T03:32:16+00:00
Cognichip,cognichip.ai,EDA,US,2024,AI platform for chip design,https://github.com/aolofsson/awesome-semiconductor-startups,startups.csv,2026-07-04T03:32:16+00:00
Condor Computing,condorcomputing.com,RISC-V,US,2023,High performance RISC-V processors,https://github.com/aolofsson/awesome-semiconductor-startups,startups.csv,2026-07-04T03:32:16+00:00
Cornami,cornami.com,HPC,US,2011,Acceleration for full homomorphic encryption,https://github.com/aolofsson/awesome-semiconductor-startups,startups.csv,2026-07-04T03:32:16+00:00
d-Matrix,d-matrix.ai,AI,US,2019,Computing platform for data center AI inference,https://github.com/aolofsson/awesome-semiconductor-startups,startups.csv,2026-07-04T03:32:16+00:00
DASH Tech IC,dashtechic.com,HPC,US,2021,Flexible processors for embedded applications,https://github.com/aolofsson/awesome-semiconductor-startups,startups.csv,2026-07-04T03:32:16+00:00
DeGirum,degirum.ai,AI,US,2017,AI platform for edge applications,https://github.com/aolofsson/awesome-semiconductor-startups,startups.csv,2026-07-04T03:32:16+00:00
Dfiant,dfiant.works,EDA,US,2022,Chip design tools,https://github.com/aolofsson/awesome-semiconductor-startups,startups.csv,2026-07-04T03:32:16+00:00
Diode Computers,diode.computer,EDA,US,2024,AI based PCB design,https://github.com/aolofsson/awesome-semiconductor-startups,startups.csv,2026-07-04T03:32:16+00:00
DreamBig,dreambigsemi.com,CHIPLETS,US,2019,Chiplet based ASIC platform,https://github.com/aolofsson/awesome-semiconductor-startups,startups.csv,2026-07-04T03:32:16+00:00
EdgeCortix,edgecortix.com,AI,US,2019,AI accelerators for edge devices,https://github.com/aolofsson/awesome-semiconductor-startups,startups.csv,2026-07-04T03:32:16+00:00
Efficient Computer,efficient.computer,HPC,US,2022,Energy efficient general-purpose processor,https://github.com/aolofsson/awesome-semiconductor-startups,startups.csv,2026-07-04T03:32:16+00:00
Efinix,efinixinc.com,FPGA,US,2012,Programmable FPGA products,https://github.com/aolofsson/awesome-semiconductor-startups,startups.csv,2026-07-04T03:32:16+00:00
Eliyan,eliyan.com,CHIPLETS,US,2021,Interconnect technology,https://github.com/aolofsson/awesome-semiconductor-startups,startups.csv,2026-07-04T03:32:16+00:00
EnCharge AI,enchargeai.com,AI,US,2021,AI processing platform,https://github.com/aolofsson/awesome-semiconductor-startups,startups.csv,2026-07-04T03:32:16+00:00
enzzo,enzzo.ai,EDA,US,2024,AI driven hardware development,https://github.com/aolofsson/awesome-semiconductor-startups,startups.csv,2026-07-04T03:32:16+00:00
Etched,etched.com,AI,US,2022,AI processors,https://github.com/aolofsson/awesome-semiconductor-startups,startups.csv,2026-07-04T03:32:16+00:00
Evacorp,evacorp.ai,AI,US,2023,AI processing,https://github.com/aolofsson/awesome-semiconductor-startups,startups.csv,2026-07-04T03:32:16+00:00
Everactive,everactive.com,SENSORS,US,2012,Battery-less IoT sensing technology,https://github.com/aolofsson/awesome-semiconductor-startups,startups.csv,2026-07-04T03:32:16+00:00
Exa Laboratories,exalaboratories.com,AI,US,2024,Reconfigurable chips for AI,https://github.com/aolofsson/awesome-semiconductor-startups,startups.csv,2026-07-04T03:32:16+00:00
Extropic,extropic.ai,AI,US,2022,Physics based generative AI,https://github.com/aolofsson/awesome-semiconductor-startups,startups.csv,2026-07-04T03:32:16+00:00
Flux,flux.ai,EDA,US,2019,PCB design tools,https://github.com/aolofsson/awesome-semiconductor-startups,startups.csv,2026-07-04T03:32:16+00:00
Generation Alpha Transistor,generation-alpha-transistor.com,EDA,US,2024,Circuit & Layout GUI Copilot,https://github.com/aolofsson/awesome-semiconductor-startups,startups.csv,2026-07-04T03:32:16+00:00
getinstachip,getinstachip.com,EDA,US,2024,Intelligent package manager for Verilog,https://github.com/aolofsson/awesome-semiconductor-startups,startups.csv,2026-07-04T03:32:16+00:00
Inspire Semi,inspiresemi.com,HPC,US,2020,Manycore CPU on a chip,https://github.com/aolofsson/awesome-semiconductor-startups,startups.csv,2026-07-04T03:32:16+00:00
Jitx,jitx.com,EDA,US,2016,PCB design tools,https://github.com/aolofsson/awesome-semiconductor-startups,startups.csv,2026-07-04T03:32:16+00:00
Kepler Computing,keplercompute.com,HPC,US,2018,Stealth,https://github.com/aolofsson/awesome-semiconductor-startups,startups.csv,2026-07-04T03:32:16+00:00
Kittycad,zoo.dev,EDA,US,2021,AI driven CAD,https://github.com/aolofsson/awesome-semiconductor-startups,startups.csv,2026-07-04T03:32:16+00:00
Kneron,kneron.com,AI,US,2015,Edge AI devices,https://github.com/aolofsson/awesome-semiconductor-startups,startups.csv,2026-07-04T03:32:16+00:00
Lemurian Labs,lemurianlabs.com,AI,CA,2018,AI computing platform,https://github.com/aolofsson/awesome-semiconductor-startups,startups.csv,2026-07-04T03:32:16+00:00
Lyte AI,lyte.ai,AI,US,2021,Perception layer for physical AI,https://github.com/aolofsson/awesome-semiconductor-startups,startups.csv,2026-07-04T03:32:16+00:00
MangoBoost,mangoboost.io,HPC,US,2022,Data processing units for data center,https://github.com/aolofsson/awesome-semiconductor-startups,startups.csv,2026-07-04T03:32:16+00:00
Matx,matx.com,AI,US,2022,Platform for AGI,https://github.com/aolofsson/awesome-semiconductor-startups,startups.csv,2026-07-04T03:32:16+00:00
Memryx,memryx.com,AI,US,2019,AI computing platform,https://github.com/aolofsson/awesome-semiconductor-startups,startups.csv,2026-07-04T03:32:16+00:00
Motivo,motivo.ai,EDA,US,2015,Explainable AI and ML for chip design optimization,https://github.com/aolofsson/awesome-semiconductor-startups,startups.csv,2026-07-04T03:32:16+00:00
Mythic,mythic-ai.com,AI,US,2012,Analog ML accelerators,https://github.com/aolofsson/awesome-semiconductor-startups,startups.csv,2026-07-04T03:32:16+00:00
Novumind,novumind.com,AI,US,2015,Domain specific acceleration for AI applications,https://github.com/aolofsson/awesome-semiconductor-startups,startups.csv,2026-07-04T03:32:16+00:00
OpenMachine,openmachine.ai,AI,US,2022,"High-performance AI engines for your chip, chiplet, RISC-V SoC, ASIC, and FPGA",https://github.com/aolofsson/awesome-semiconductor-startups,startups.csv,2026-07-04T03:32:16+00:00
Owl,owlai.us,SENSORS,US,2018,Monocular 3D thermal ranging solutions,https://github.com/aolofsson/awesome-semiconductor-startups,startups.csv,2026-07-04T03:32:16+00:00
par.tcl,partcl.com,EDA,US,2024,Physics based eda tools,https://github.com/aolofsson/awesome-semiconductor-startups,startups.csv,2026-07-04T03:32:16+00:00
persimmons,persimmons.ai,AI,US,2023,"Flexible, low-power generative AI inference system",https://github.com/aolofsson/awesome-semiconductor-startups,startups.csv,2026-07-04T03:32:16+00:00
Phoenix Semiconductor,phoenixsemicorp.com,ASIC,US,2023,Drop in replacements for discontinued devices,https://github.com/aolofsson/awesome-semiconductor-startups,startups.csv,2026-07-04T03:32:16+00:00
Piris Labs,pirislabs.io/,AI,US,2025,Optical inference engine,https://github.com/aolofsson/awesome-semiconductor-startups,startups.csv,2026-07-04T03:32:16+00:00
Plaid Semiconductor,plaidsemi.com,CHIPLETS,US,2023,Interposers for chiplet integration,https://github.com/aolofsson/awesome-semiconductor-startups,startups.csv,2026-07-04T03:32:16+00:00
PointCloud,point.cloud,SENSORS,US,2017,4D imaging sensors,https://github.com/aolofsson/awesome-semiconductor-startups,startups.csv,2026-07-04T03:32:16+00:00
Precision Innovations,precisioninno.com,EDA,US,2019,Developing and supporting OpenROAD,https://github.com/aolofsson/awesome-semiconductor-startups,startups.csv,2026-07-04T03:32:16+00:00
Primemas,primemas.com,CHIPLETS,US,2023,Platform for rapid SoC system development,https://github.com/aolofsson/awesome-semiconductor-startups,startups.csv,2026-07-04T03:32:16+00:00
Primis,primis.ai,EDA,US,2023,Generative-AI driven hardware design,https://github.com/aolofsson/awesome-semiconductor-startups,startups.csv,2026-07-04T03:32:16+00:00
Quadric.io,quadric.io,AI,US,2016,Edge processing for edge devices,https://github.com/aolofsson/awesome-semiconductor-startups,startups.csv,2026-07-04T03:32:16+00:00
Quilter,quilter.ai,EDA,US,2020,AI driven PCB design,https://github.com/aolofsson/awesome-semiconductor-startups,startups.csv,2026-07-04T03:32:16+00:00
Rain Neuromorphics,rain.ai,AI,US,2017,Brain-inspired hardware for AI applications,https://github.com/aolofsson/awesome-semiconductor-startups,startups.csv,2026-07-04T03:32:16+00:00
RapidSilicon,rapidsilicon.com,FPGA,US,2021,FPGA devices,https://github.com/aolofsson/awesome-semiconductor-startups,startups.csv,2026-07-04T03:32:16+00:00
Recogni,recogni.com,AI,US,2017,Visual perception platform for autonomous vehicles,https://github.com/aolofsson/awesome-semiconductor-startups,startups.csv,2026-07-04T03:32:16+00:00
Redwood EDA,redwoodeda.com,EDA,US,2015,Transaction level hardware design platform,https://github.com/aolofsson/awesome-semiconductor-startups,startups.csv,2026-07-04T03:32:16+00:00
Retym,retym.com,AI,US,2021,Stealth,https://github.com/aolofsson/awesome-semiconductor-startups,startups.csv,2026-07-04T03:32:16+00:00
RISE,Rise-da.com,EDA,US,2024,Design and verification productivity platform,https://github.com/aolofsson/awesome-semiconductor-startups,startups.csv,2026-07-04T03:32:16+00:00
Sagence AI,www.sagence-ai.com,AI,US,2018,Analog in-memory AI inference accelerators,https://github.com/aolofsson/awesome-semiconductor-startups,startups.csv,2026-07-04T03:32:16+00:00
SambaNova,sambanova.ai,AI,US,2017,AI processing,https://github.com/aolofsson/awesome-semiconductor-startups,startups.csv,2026-07-04T03:32:16+00:00
SiFive,sifive.com,RISC-V,US,2015,RISC-V based IP provider,https://github.com/aolofsson/awesome-semiconductor-startups,startups.csv,2026-07-04T03:32:16+00:00
Silicon Assurance,siliconassurance.com,EDA,US,2020,EDA software that enable secure chip design,https://github.com/aolofsson/awesome-semiconductor-startups,startups.csv,2026-07-04T03:32:16+00:00
SiliconSpace,siliconspace.org,EDA,US,2025,Cloud based EDA platform,https://github.com/aolofsson/awesome-semiconductor-startups,startups.csv,2026-07-04T03:32:16+00:00
Silimate,silimate.com,EDA,US,2023,Co-pilot for chip designers,https://github.com/aolofsson/awesome-semiconductor-startups,startups.csv,2026-07-04T03:32:16+00:00
Silogy,silogy.io,EDA,US,2023,Collaborative platform for integrated circuit design,https://github.com/aolofsson/awesome-semiconductor-startups,startups.csv,2026-07-04T03:32:16+00:00
SiMa.ai,sima.ai,AI,US,2018,AI processing for edge devices,https://github.com/aolofsson/awesome-semiconductor-startups,startups.csv,2026-07-04T03:32:16+00:00
Snowcap Compute,snowcapcompute.com,HPC,US,2025,Superconducting computing platform,https://github.com/aolofsson/awesome-semiconductor-startups,startups.csv,2026-07-04T03:32:16+00:00
SWIR Vision Systems,swirvisionsystems.com,SENSORS,US,2018,Image sensors for short-wave infrared cameras,https://github.com/aolofsson/awesome-semiconductor-startups,startups.csv,2026-07-04T03:32:16+00:00
Syntiant,syntiant.com,AI,US,2017,Neuromorphic processing for edge devices,https://github.com/aolofsson/awesome-semiconductor-startups,startups.csv,2026-07-04T03:32:16+00:00
Taalas,taalas.com,AI,CA,2023,Automated generation of AI hardware,https://github.com/aolofsson/awesome-semiconductor-startups,startups.csv,2026-07-04T03:32:16+00:00
Tachyum,tachyum.com,HPC,US,2016,High performance processor architecture,https://github.com/aolofsson/awesome-semiconductor-startups,startups.csv,2026-07-04T03:32:16+00:00
Tenstorrent,tenstorrent.com,AI,CA,2016,AI processing devices,https://github.com/aolofsson/awesome-semiconductor-startups,startups.csv,2026-07-04T03:32:16+00:00
Tetramem,tetramem.com,AI,US,2018,AI accelerator for edge inference,https://github.com/aolofsson/awesome-semiconductor-startups,startups.csv,2026-07-04T03:32:16+00:00
Uhnder,uhnder.com,SENSORS,US,2015,Digital automotive radar SoC,https://github.com/aolofsson/awesome-semiconductor-startups,startups.csv,2026-07-04T03:32:16+00:00
Ventana Micro,ventanamicro.com,RISC-V,US,2018,RISC-V CPU cores and compute subsystems,https://github.com/aolofsson/awesome-semiconductor-startups,startups.csv,2026-07-04T03:32:16+00:00
VerifAI,verifai.ai,EDA,US,2020,AI assisted hardware design and verification,https://github.com/aolofsson/awesome-semiconductor-startups,startups.csv,2026-07-04T03:32:16+00:00
Verifaix,verifaix.com,EDA,US,2024,AI assisted hardware design and verification,https://github.com/aolofsson/awesome-semiconductor-startups,startups.csv,2026-07-04T03:32:16+00:00
Visblsemi,visiblsemi.com,EDA,US,2024,AI assisted hardware design and verification,https://github.com/aolofsson/awesome-semiconductor-startups,startups.csv,2026-07-04T03:32:16+00:00
Volantis Semiconductor,volantissemi.ai,AI,US,2022,AI processors,https://github.com/aolofsson/awesome-semiconductor-startups,startups.csv,2026-07-04T03:32:16+00:00
VoltAI,voltai.com,EDA,US,2022,AI models for semiconductor,https://github.com/aolofsson/awesome-semiconductor-startups,startups.csv,2026-07-04T03:32:16+00:00
Xcelerium,xcelerium.com,HPC,US,2020,Domain specific processors for converged workloads,https://github.com/aolofsson/awesome-semiconductor-startups,startups.csv,2026-07-04T03:32:16+00:00
Xconntech,xconn-tech.com,HPC,US,2020,CXL and PCIe switch chips,https://github.com/aolofsson/awesome-semiconductor-startups,startups.csv,2026-07-04T03:32:16+00:00
Yorchip,yorchip.com,CHIPLETS,US,2023,Chiplet technology,https://github.com/aolofsson/awesome-semiconductor-startups,startups.csv,2026-07-04T03:32:16+00:00
Zendar,zendar.io,SENSORS,US,2017,High resolution software defined radar,https://github.com/aolofsson/awesome-semiconductor-startups,startups.csv,2026-07-04T03:32:16+00:00
ZeroASIC,zeroasic.com,CHIPLETS,US,2008,Chiplet based ASIC platform,https://github.com/aolofsson/awesome-semiconductor-startups,startups.csv,2026-07-04T03:32:16+00:00
ZeroPoint,zeropoint-tech.com,MEMORY,US,2015,Memory compression technology,https://github.com/aolofsson/awesome-semiconductor-startups,startups.csv,2026-07-04T03:32:16+00:00
