A10 Networks, Inc.
AAEON Technology Inc. USA
ABB Inc.
Accton Technology Corporation USA
Acer America Corporation
Achronix Semiconductor Corporation
ACM Research, Inc.
Adafruit Industries LLC
ADATA Technology (USA) Co., Ltd.
Adeia Inc.
ADTRAN Holdings, Inc.
Adtran Networks North America, Inc.
Advanced Energy Industries, Inc.
Advanced Micro Devices, Inc.
Advantech Corporation
Advantest America, Inc.
Aehr Test Systems
AEM Holdings USA, Inc.
Aerotech, Inc.
AESC US LLC
AGCO Corporation
Agilent Technologies, Inc.
Agility Robotics, Inc.
Airgain, Inc.
Airspan Networks Holdings Inc.
AISIN World Corp. of America, Inc.
AIXTRON, Inc.
Alchip Technologies America, Inc.
Aldec, Inc.
ALE USA Inc.
Alien Technology, LLC
Allegro MicroSystems, Inc.
Alliance Laundry Systems LLC
Allied Motion Technologies Inc.
Allied Telesis, Inc.
Allient Inc.
Allison Transmission Holdings, Inc.
Alpha and Omega Semiconductor Limited
Alphabet Inc.
Alpine Electronics of America, Inc.
Alps Alpine North America, Inc.
ALSTOM Transport USA Inc.
Altair Engineering Inc.
Altera Corporation
Altium LLC
Amazon.com, Inc.
Ambarella, Inc.
Ambiq Micro, Inc.
American Axle & Manufacturing Holdings, Inc.
American Honda Motor Co., Inc.
American Megatrends International LLC
AMETEK, Inc.
Amkor Technology, Inc.
Amlogic, Inc.
Ampere Computing LLC
Amphenol Corporation
Ample, Inc.
Ampleon Americas Inc.
ams-OSRAM USA INC.
Amtech Systems, Inc.
Analog Devices, Inc.
Analogix Semiconductor, Inc.
Anritsu Company
ANSYS, Inc.
Apple Inc.
Applied Materials, Inc.
Applied Optoelectronics, Inc.
Aptera Motors Corp.
Aptiv Corporation
Arcimoto, Inc.
Arista Networks, Inc.
Arlo Technologies, Inc.
Arm, Inc.
Arteris, Inc.
Asahi Kasei Microdevices America, Inc.
ASE (U.S.A.), Inc.
ASIX Electronics Corporation, U.S.A.
Askey Computer Corp. USA
ASM America, Inc.
ASMedia Technology Inc. USA
ASML US, LLC
ASRock America, Inc.
ASSA ABLOY Americas
Astera Labs, Inc.
ASUS Computer International
ATEN Technology, Inc.
ATI Industrial Automation, Inc.
Atom Computing, Inc.
Atomera Incorporated
ATP Electronics, Inc.
ATTO Technology, Inc.
AU Optronics Corporation America
Audi of America, LLC
AudioCodes Inc.
Aurora Innovation, Inc.
Autoliv, Inc.
Aventi Technology, Inc.
Aviat Networks, Inc.
Axcelis Technologies, Inc.
Axiomtek USA Co.
AXT, Inc.
Ayar Labs, Inc.
Ballard Power Systems Inc.
Banner Engineering Corp.
BCD Semiconductor Manufacturing Limited USA
Beckhoff Automation LLC
Bel Fuse Inc.
Benchmark Electronics, Inc.
Besi Americas LLC
Besi USA, Inc.
Biamp Systems, LLC
BizLink Technology, Inc.
BlackBerry Limited
Blackmagic Design Inc.
Blaize, Inc.
Blonder Tongue Laboratories, Inc.
Blue Bird Corporation
Blue River Technology Inc.
BlueOval SK, LLC
BMW of North America, LLC
Bollinger Innovations, Inc.
BorgWarner Inc.
Bose Corporation
Boston Dynamics, Inc.
Boston Scientific Corporation
Bourns, Inc.
BrainChip, Inc.
Bright Machines, Inc.
Broadcom Inc.
Brooks Automation, Inc.
BRP Inc.
BUFFALO Americas, Inc.
Burro
Butterfly Network, Inc.
BYD America LLC
Cadence Design Systems, Inc.
CalAmp Corp.
Calix, Inc.
Cambium Networks Corporation
Camtek USA, Inc.
Canaan Inc.
Canon U.S.A., Inc.
Canoo Inc.
Casa Systems, Inc.
Caterpillar Inc.
Celera Motion
Celestica Inc.
Cenntro Inc.
Cepton, Inc.
Ceragon Networks Inc.
Cerebras Systems Inc.
CEVA Inc.
ChargePoint Holdings, Inc.
Chelsio Communications, Inc.
China Automotive Systems, Inc.
ChipMOS U.S.A., Inc.
Ciena Corporation
Cirrus Logic, Inc.
Cisco Systems, Inc.
Clarios International Inc.
Club Car, LLC
CMC Materials, Inc.
CNH Industrial America LLC
Cognex Corporation
Cohu, Inc.
Comau LLC
Comcast Corporation
COMET Technologies USA, Inc.
Commercial Vehicle Group, Inc.
CommScope Holding Company, Inc.
Compal USA, Inc.
congatec, Inc.
Continental Automotive Systems, Inc.
Corelis, Inc.
Cornell Dubilier Electronics, Inc.
Corsair Gaming, Inc.
Cradlepoint, Inc.
Creative Labs, Inc.
Credo Semiconductor, Inc.
Cricut, Inc.
Crossbar, Inc.
Crown Equipment Corporation
Cruise LLC
CTL Corporation
CTS Corporation
Cummins Inc.
CVD Equipment Corporation
CyberPowerPC, Inc.
D-Link Systems, Inc.
d-Matrix Corporation
D-Wave Quantum Inc.
Daimler Truck North America LLC
Daktronics, Inc.
Dana Incorporated
Danfoss LLC
Data I/O Corporation
DataDirect Networks, Inc.
Datalogic USA, Inc.
Deere & Company
Dell Technologies Inc.
Delta Electronics (Americas) Ltd.
DENSO International America, Inc.
DexCom, Inc.
Dexterity, Inc.
DFI Inc.
Digi International Inc.
Diodes Incorporated
DISCO Hi-Tec America, Inc.
DisplayLink Corporation
Dolby Laboratories, Inc.
Dover Corporation
DZS Inc.
E Ink Corporation
Eaton Corporation plc
EchoStar Corporation
ecobee Inc.
eero LLC
EF Johnson Technologies, Inc.
Efficient Power Conversion Corporation
Efinix, Inc.
ELAN Microelectronics USA Corp.
ElectraMeccanica Vehicles Corp.
Electrovaya Inc.
Element Electronics Inc.
Elitegroup Computer Systems, Inc.
Elmos Semiconductor, Inc.
EM Microelectronic-Marin U.S. Inc.
EMD Electronics, Inc.
Emergent Vision Technologies Inc.
Emerson Electric Co.
Empyrean Technology USA
Endace USA LLC
Endera
Energous Corporation
Enphase Energy, Inc.
Entegris, Inc.
Epson America, Inc.
Ericsson Inc.
Espressif Systems (U.S.) Inc.
ESS Technology, Incorporated
Etron Technology America
Eurotech Inc.
Everspin Technologies, Inc.
Evertz Microsystems Limited
EVGA Corporation
EXFO Inc.
Extreme Networks, Inc.
Extron Electronics
F5, Inc.
FANUC America Corporation
Faraday Future Intelligent Electric Inc.
FARO Technologies, Inc.
FCA Canada Inc.
FCA US LLC
Federal Signal Corporation
Ferrari North America, Inc.
Festo Corporation
Figure AI, Inc.
Flex Ltd.
Flextronics America, LLC
Fluke Corporation
Ford Motor Company
FormFactor, Inc.
Fortinet, Inc.
Fortive Corporation
FORVIA USA Inc.
Framework Computer Inc.
Franklin Wireless Corp.
FTDI Chip Inc.
Fuji Electric Corp. of America
Fujitsu North America, Inc.
Garmin International, Inc.
Garrett Motion Inc.
GatesAir, Inc.
GCT Semiconductor Holding, Inc.
Generac Holdings Inc.
General Motors Company
Gentex Corporation
Gentherm Incorporated
Getac, Inc.
GIGAIPC Americas
Gillig LLC
Global Unichip Americas Corporation
GLOBALFOUNDRIES Inc.
Globalstar, Inc.
GlobalWafers America, LLC
Gogoro North America
GoPro, Inc.
goTenna, Inc.
Gotion Inc.
Grandstream Networks, Inc.
Graphcore Inc.
Greenliant Systems, Inc.
GreenPower Motor Company Inc.
Groq, Inc.
GS Yuasa Lithium Power, Inc.
GSI Technology, Inc.
Guerrilla RF, Inc.
GWM U.S. Research Institute, Inc.
HANA Micron America Inc.
Harley-Davidson, Inc.
HARMAN International Industries, Incorporated
Harmonic Inc.
HARTING Inc. of North America
Headway Technologies, Inc.
Heidelberg Instruments, Inc.
Hemlock Semiconductor Operations LLC
Hewlett Packard Enterprise Company
Hewlett Packard Enterprise Development LP
Hilscher North America, Inc.
Himax Technologies, Inc.
Hirose Electric Americas
Hitachi America, Ltd.
HL Mando America Corporation
HMS Networks Inc.
Holley Performance Products, Inc.
Holtek Semiconductor USA, Inc.
HP Inc.
Hughes Network Systems, LLC
Humax Americas Co.
Hyliion Holdings Corp.
Hyster-Yale, Inc.
Hytera US Inc.
Hyundai Motor America
Hyzon Motors Inc.
IAC Group
IAR Systems Software Inc.
Ichor Holdings, Ltd.
Identiv, Inc.
IGT
Illumina, Inc.
Imagination Technologies LLC
imec USA, Inc.
Impinj, Inc.
indie Semiconductor, Inc.
Industrial Internet (USA), Inc.
Infineon Technologies Americas Corp.
Infinera Corporation
Innodisk USA Corporation
InnoLight Technology USA Inc.
Innoviz Technologies USA Inc.
Inseego Corp.
Inspur Systems, Inc.
Insulet Corporation
Integra Technologies LLC
Intel Corporation
InterDigital, Inc.
International Business Machines Corporation
IntervalZero, Inc.
inTEST Corporation
Inteva Products, LLC
Intevac, Inc.
Intuitive Surgical, Inc.
Inventec (USA) Corporation
IQE RF LLC
iRobot Corporation
ISE Labs, Inc.
ISSI Integrated Silicon Solution, Inc.
Isuzu North America Corporation
Itron, Inc.
Jabil Inc.
JAE Electronics, Inc.
Jaguar Land Rover North America, LLC
JCET Americas
JCET Group (U.S.) Inc.
JMA Wireless
JMicron Technology Corporation USA
Johnson Controls International plc
Johnson Electric North America, Inc.
Joyson Safety Systems
JTEKT North America Corporation
Juniper Networks, Inc.
Kaleidescape, Inc.
Karma Automotive LLC
Kawasaki Robotics (USA), Inc.
Keysight Technologies, Inc.
KGM Americas
Kia America, Inc.
Kimball Electronics, Inc.
Kinetek, Inc.
Kingston Technology Company, Inc.
Kioxia America, Inc.
KLA Corporation
Knowles Corporation
Kokusai Electric America, Inc.
Kontron America Inc.
Kopin Corporation
Kulicke and Soffa Industries, Inc.
Kyocera International, Inc.
Lam Research Corporation
Lanner Electronics USA Inc.
Lansdale Semiconductor, Inc.
Lantronix, Inc.
Lasertec U.S.A., Inc.
Lattice Semiconductor Corporation
Lauterbach Inc.
Lear Corporation
Legrand North America, LLC
Lenovo (United States) Inc.
Lexmark International, Inc.
LG Electronics U.S.A., Inc.
Lightmatter, Inc.
Lightning eMotors, Inc.
Linksys Holdings, Inc.
Lion Electric Company
Lite-On Technology USA, Inc.
LitePoint Corporation
Littelfuse, Inc.
LiveWire Group, Inc.
Locus Robotics Corp.
Logic Devices Incorporated
Logitech Inc.
Lucid Group, Inc.
Luminar Technologies, Inc.
M-tron Industries, Inc.
Mack Trucks, Inc.
MACOM Technology Solutions Holdings, Inc.
Macronix America, Inc.
Magic Leap, Inc.
Magna International Inc.
Magnachip Semiconductor Corporation
MAHLE, Inc.
Marelli North America, Inc.
Martinrea International Inc.
Marvell Technology, Inc.
Matrox Electronic Systems Ltd.
MaxLinear, Inc.
Mazda Motor of America, Inc.
mCube, Inc.
MediaTek USA Inc.
Medtronic USA, Inc.
MemryX Inc.
Mercedes-Benz USA, LLC
Meta Platforms, Inc.
Metawave Corporation
Methode Electronics, Inc.
Microchip Technology Incorporated
Micron Technology, Inc.
Microsoft Corporation
Microvast Holdings, Inc.
Microway, Inc.
MIPS Tech, LLC
MiTAC Americas Inc.
MiTAC Digital Technology USA Inc.
Mitsubishi Electric US, Inc.
MKS Instruments, Inc.
Mobix Labs, Inc.
Molex, LLC
Monolithic Power Systems, Inc.
Montage Technology USA
MosChip Americas, Inc.
Motional AD LLC
Motiv Power Systems, Inc.
Motorola Mobility LLC
Motorola Solutions, Inc.
Mullen Automotive, Inc.
Murata Electronics North America, Inc.
Mushkin, Inc.
Mythic, Inc.
Nanya Technology Corporation U.S.A.
Napatech Inc.
Navistar, Inc.
Navitas Semiconductor Corporation
NEC Corporation of America
Neousys Technology America, Inc.
NETGEAR, Inc.
Netlist, Inc.
New Flyer Industries Canada ULC
NEXCOM USA
NEXIQ Technologies, Inc.
Nexperia USA Inc.
Nexteer Automotive Corporation
Nidec Motor Corporation
Nikola Corporation
Nimbus Data, Inc.
NIO USA, Inc.
Nissan North America, Inc.
NMB Technologies Corporation
Nokia of America Corporation
Nordic Semiconductor, Inc.
Nova Ltd.
Nuro, Inc.
Nuvoton Technology Corporation America
NVE Corporation
NVIDIA Corporation
NXP USA, Inc.
NY CREATES
NZXT, Inc.
O2Micro, Inc.
Okmetic Inc.
OMNIVISION Technologies, Inc.
One Stop Systems, Inc.
OnLogic, Inc.
onsemi
Onto Innovation Inc.
OpenFive, Inc.
Opengear, Inc.
OPPO US Research Center
Opto 22
Oracle Corporation
Orange EV LLC
Orbbec Inc.
ORBCOMM Inc.
OSI Systems, Inc.
Ouster, Inc.
PACCAR Inc
Panasonic Corporation of North America
Parker-Hannifin Corporation
PDF Solutions, Inc.
PEGATRON Technology Service Inc.
Penguin Solutions, Inc.
Peraso Inc.
PHINIA Inc.
Phison Electronics Corporation USA
Phoenix Technologies Ltd.
Photronics, Inc.
Pixelworks, Inc.
Plasma-Therm, LLC
Plexus Corp.
Polar Semiconductor, LLC
Polaris Inc.
Polestar Automotive USA Inc.
Porsche Cars North America, Inc.
Power Integrations, Inc.
Premio Inc.
Promex Industries, Inc.
PsiQuantum Corp.
Pulse Electronics Corporation
Pure Storage, Inc.
QCT, LLC
QNAP, Inc.
Qorvo, Inc.
QUALCOMM Incorporated
QuickLogic Corporation
RAD Data Communications Inc.
Rambus Inc.
Rapidus Design Solutions, Inc.
Raspberry Pi Inc.
Realtek Semiconductor Corp., USA
REDARC Electronics Corporation
Redline Communications Group Inc.
REE Automotive USA Inc.
Regal Rexnord Corporation
Renesas Electronics America Inc.
Renesas Electronics America, Inc.
Resideo Technologies, Inc.
ResMed Inc.
RF IDeas, Inc.
Ribbon Communications Inc.
Ring LLC
Rivian Automotive, Inc.
Robert Bosch LLC
Rochester Electronics, LLC
Rockwell Automation, Inc.
ROHM Semiconductor U.S.A., LLC
Roku, Inc.
Roos Instruments, Inc.
Ross Video Ltd.
SambaNova Systems, Inc.
Samsung Semiconductor, Inc.
Samtec, Inc.
Sanmina Corporation
SatixFy Inc.
Scania USA Inc.
Schaeffler Group USA Inc.
Schweitzer Engineering Laboratories, Inc.
Scout Motors Inc.
SCREEN Semiconductor Solutions USA, LLC
Seagate Technology Holdings plc
Sealevel Systems, Inc.
SEALSQ Corp
Semtech Corporation
Sensata Technologies, Inc.
Sequans Communications, Inc.
Shinko Electric America, Inc.
Siemens Industry, Inc.
SiFive, Inc.
Silex Microsystems Inc.
Silicom USA, Inc.
Silicon Laboratories Inc.
Silicon Motion, Inc.
Siliconware USA, Inc.
Siltronic Corporation
Silvaco Group, Inc.
SiTime Corporation
SK hynix America Inc.
SkyWater Technology, Inc.
Skyworks Solutions, Inc.
Slate Auto
SMART Global Holdings, Inc.
SMART Modular Technologies, Inc.
SMIC USA
Socionext America Inc.
Socket Mobile, Inc.
Soitec USA, Inc.
SolarEdge Technologies, Inc.
Solidigm Technology, Inc.
Sonos, Inc.
Sony Electronics Inc.
Spacelabs Healthcare, Inc.
SPEA America, Inc.
SRC Computers, LLC
Standard Motor Products, Inc.
Standex Electronics, Inc.
Standex International Corporation
STMicroelectronics, Inc.
Stoneridge, Inc.
STRATTEC Security Corporation
Stratus Technologies Bermuda Holdings Ltd.
Subaru of America, Inc.
SUMCO Phoenix Corporation
Sunwoda Electronic (America) Co., Ltd.
Super Micro Computer, Inc.
SUSS MicroTec Inc.
SVTC Technologies, LLC
Symbotic Inc.
Synaptics Incorporated
Synology America Corp.
Synopsys, Inc.
Syntiant Corp.
System76, Inc.
Tanisys Technology, Inc.
TASKING Inc.
Tata Motors (USA) Inc.
TDK U.S.A. Corporation
TE Connectivity Corporation
Technoprobe America Inc.
Techpoint, Inc.
Tektronix, Inc.
TEL Americas, Inc.
Teledyne Technologies Incorporated
Telit IoT Platforms, LLC
Teltonika USA, Inc.
Tenstorrent Inc.
Teradyne, Inc.
Tesla, Inc.
Texas Instruments Incorporated
Thales DIS USA, Inc.
Tianma America, Inc.
Tokyo Electron U.S. Holdings, Inc.
Toshiba America, Inc.
Tower Semiconductor USA
Toyota Motor North America, Inc.
TP-Link Systems Inc.
TQ-Systems USA Inc.
Trane U.S. Inc.
TransAct Technologies Incorporated
Transcend Information, Inc. (U.S.A.)
Transphorm, Inc.
TREMEC North America, Inc.
TRENDnet, Inc.
Trico Products Corporation
Trimble Inc.
Trio-Tech International
Tritium Inc.
TSMC Arizona
TT Electronics Inc.
TTM Technologies, Inc.
TUL Corporation
Turntide Technologies, Inc.
u-blox America Inc.
Ubiquiti Inc.
Ultra Clean Holdings, Inc.
ULVAC Technologies, Inc.
Unimicron Technology Corporation USA
Unisem U.S.A., Inc.
United Microelectronics Corporation USA
Universal Electronics Inc.
Universal Instruments Corporation
UTAC Americas
Valens Semiconductor Inc.
Valeo North America
Vanguard International Semiconductor America
Vantiva USA LLC
Varex Imaging Corporation
Vecima Networks Inc.
Veeco Instruments Inc.
Venture Corporation USA
Veoneer, Inc.
Verifone, Inc.
VeriSilicon, Inc.
Verkada Inc.
Vertiv Holdings Co
VIA Technologies, Inc.
VIAVI Solutions Inc.
Vicor Corporation
ViewSonic Corporation
VinFast US
Virtium LLC
Vishay Intertechnology, Inc.
Visteon Corporation
VIZIO Holding Corp.
Volkswagen Group of America, Inc.
Volvo Group North America, LLC
Vontier Corporation
Vuzix Corporation
Wallbox USA Inc.
WatchGuard Technologies, Inc.
Waymo LLC
Westell Technologies, Inc.
Western Digital Corporation
Westinghouse Air Brake Technologies Corporation
Westport Fuel Systems Inc.
WGNSTAR, LLC
Winbond Electronics Corporation America
Winchester Interconnect Corporation
Wind River Systems, Inc.
Wingtech Technology (USA) Inc.
WinSystems, Inc.
Wistron InfoComm (USA) Corporation
Wolfspeed, Inc.
Workhorse Group Inc.
Wurth Electronics Midcom Inc.
X-FAB Texas, Inc.
XMOS Inc.
Xos, Inc.
Xperi Inc.
YAGEO Corporation America
Yamaha Corporation of America
Yanmar America Corporation
Yaskawa America, Inc.
Zebra Technologies Corporation
Zero Labs Automotive
Zero Motorcycles, Inc.
ZF North America, Inc.
Zoox, Inc.
ZTE (USA) Inc.
Zuken USA Inc.
Zyxel Communications Corp.
